Age,Gender,Income,Education,Employment,Marital_Status,Loan_Amount,Credit_History,Existing_Loan,Approved
61,Male,23278,Postgraduate,Salaried,Single,19628,0,0,No
64,Male,97397,Graduate,Unemployed,Single,11140,0,0,No
53,Male,93563,Undergraduate,Self_Employed,Married,19446,1,1,Yes
21,Male,111506,Graduate,Salaried,Married,15189,0,1,No
27,Male,69797,Undergraduate,Salaried,Married,44565,1,0,Yes
50,Male,69615,Undergraduate,Self_Employed,Married,46198,1,0,Yes
25,Male,106673,Undergraduate,Salaried,Single,20256,0,1,No
38,Female,103320,Graduate,Unemployed,Married,28283,0,1,No
65,Male,99840,Postgraduate,Unemployed,Single,15708,1,1,Yes
38,Male,109733,Graduate,Unemployed,Single,7103,1,1,Yes
38,Male,47653,Postgraduate,Self_Employed,Married,18934,1,1,Yes
62,Female,38726,Graduate,Unemployed,Single,41789,1,1,No
58,Female,67447,Undergraduate,Unemployed,Married,10957,0,0,No
30,Male,109192,Graduate,Self_Employed,Single,30216,1,1,Yes
54,Female,92512,Undergraduate,Self_Employed,Single,49676,1,1,Yes
28,Female,76985,Undergraduate,Salaried,Single,22261,0,0,Yes
61,Female,103748,Postgraduate,Self_Employed,Single,15016,1,0,Yes
55,Male,98504,Graduate,Salaried,Single,12331,1,1,Yes
36,Male,51571,Postgraduate,Unemployed,Single,36849,0,0,No
29,Female,92063,Undergraduate,Salaried,Married,18880,0,1,No
46,Female,77422,Postgraduate,Salaried,Single,21246,0,0,Yes
42,Male,97110,Postgraduate,Unemployed,Single,5471,0,0,No
35,Male,24117,Graduate,Unemployed,Single,23250,1,0,Yes
55,Male,114811,Postgraduate,Self_Employed,Married,20925,1,1,Yes
33,Male,32704,Postgraduate,Salaried,Married,32759,1,1,No
24,Male,27944,Graduate,Self_Employed,Married,12161,0,0,No
33,Female,38373,Graduate,Unemployed,Married,35318,0,0,No
49,Male,26630,Postgraduate,Self_Employed,Single,11112,0,0,No
47,Female,83092,Undergraduate,Salaried,Single,15789,1,0,Yes
45,Female,79638,Graduate,Salaried,Married,15144,0,1,No
34,Male,95914,Postgraduate,Self_Employed,Single,25552,0,0,No
58,Female,85909,Postgraduate,Unemployed,Single,38281,0,0,No
25,Male,108501,Undergraduate,Salaried,Single,42334,0,0,No
60,Male,74948,Postgraduate,Self_Employed,Married,22089,0,1,No
36,Female,71876,Undergraduate,Self_Employed,Married,34964,1,0,Yes
21,Female,101416,Postgraduate,Unemployed,Single,40234,0,1,No
29,Female,29016,Undergraduate,Salaried,Married,15338,1,1,Yes
60,Male,107538,Postgraduate,Salaried,Single,13800,1,0,Yes
27,Male,55697,Graduate,Self_Employed,Single,27471,0,1,No
53,Female,52914,Undergraduate,Unemployed,Married,23132,0,0,No
42,Male,103507,Graduate,Unemployed,Married,41154,1,0,Yes
28,Male,110573,Undergraduate,Self_Employed,Single,29196,0,1,No
29,Male,60404,Graduate,Unemployed,Married,18767,0,0,No
43,Female,101351,Postgraduate,Unemployed,Single,15649,0,1,No
22,Male,116542,Graduate,Salaried,Single,22485,0,0,Yes
45,Male,81694,Undergraduate,Unemployed,Married,27915,1,0,Yes
35,Male,106511,Undergraduate,Salaried,Married,23258,0,1,No
43,Female,109065,Postgraduate,Salaried,Single,12559,1,0,Yes
58,Female,25014,Undergraduate,Self_Employed,Married,27654,1,1,No
59,Male,70488,Postgraduate,Unemployed,Married,7908,1,0,Yes
54,Male,67739,Graduate,Unemployed,Married,45839,1,0,Yes
40,Female,107410,Graduate,Salaried,Married,24376,0,0,Yes
47,Female,108777,Postgraduate,Unemployed,Married,31612,0,1,No
39,Male,76346,Postgraduate,Self_Employed,Married,35473,1,1,Yes
64,Male,87000,Graduate,Self_Employed,Single,48178,0,1,No
53,Female,32240,Undergraduate,Self_Employed,Married,19722,0,0,No
22,Male,52092,Graduate,Self_Employed,Single,34846,1,0,Yes
65,Female,84799,Graduate,Unemployed,Single,47995,0,0,No
48,Male,43053,Postgraduate,Self_Employed,Married,8291,0,0,No
50,Male,80901,Postgraduate,Self_Employed,Married,34004,1,1,Yes
31,Female,78991,Graduate,Unemployed,Married,39163,1,0,Yes
38,Female,30155,Postgraduate,Salaried,Single,22807,1,1,Yes
55,Male,38136,Undergraduate,Unemployed,Married,15014,0,0,No
47,Female,63369,Postgraduate,Salaried,Married,9080,0,1,No
45,Male,95456,Graduate,Salaried,Single,28052,1,1,Yes
47,Male,83993,Undergraduate,Salaried,Married,36827,0,1,No
42,Female,114919,Undergraduate,Salaried,Single,45780,0,1,No
58,Male,31003,Postgraduate,Salaried,Single,35257,0,0,No
37,Female,62906,Undergraduate,Salaried,Married,27118,1,1,Yes
47,Female,30735,Graduate,Unemployed,Single,27935,0,0,No
62,Male,118858,Undergraduate,Unemployed,Single,6335,0,0,No
29,Female,107747,Undergraduate,Self_Employed,Single,35476,1,1,Yes
31,Male,41465,Graduate,Unemployed,Single,25444,1,1,No
33,Male,97607,Postgraduate,Self_Employed,Single,11678,1,0,Yes
57,Male,65508,Postgraduate,Salaried,Married,9519,1,0,Yes
47,Female,33833,Graduate,Salaried,Married,15026,1,0,Yes
54,Female,100728,Postgraduate,Salaried,Married,33545,1,1,Yes
36,Male,56559,Graduate,Unemployed,Married,42345,1,1,No
22,Female,62600,Undergraduate,Salaried,Single,28253,1,1,Yes
38,Female,92848,Undergraduate,Self_Employed,Single,10610,0,1,No
52,Male,110519,Graduate,Self_Employed,Married,34371,0,0,No
39,Male,73005,Postgraduate,Unemployed,Married,48513,1,1,No
56,Female,75771,Postgraduate,Self_Employed,Married,28056,1,1,Yes
40,Female,50217,Undergraduate,Self_Employed,Single,25679,0,0,No
33,Male,116810,Graduate,Salaried,Married,11588,0,1,No
35,Female,43519,Graduate,Unemployed,Single,22977,0,0,No
56,Female,111411,Undergraduate,Self_Employed,Married,11723,0,1,No
51,Female,77733,Graduate,Unemployed,Single,21546,1,0,Yes
25,Female,84454,Undergraduate,Self_Employed,Single,14943,0,1,No
26,Male,35525,Postgraduate,Salaried,Single,39247,1,1,No
49,Female,97139,Graduate,Salaried,Single,44952,0,0,No
61,Male,54687,Postgraduate,Unemployed,Single,20719,0,0,No
31,Male,73545,Graduate,Self_Employed,Married,24087,0,0,Yes
39,Female,112141,Graduate,Unemployed,Single,22337,0,1,No
28,Male,104886,Undergraduate,Salaried,Single,9679,0,0,Yes
40,Female,77560,Undergraduate,Salaried,Married,31378,1,1,Yes
49,Male,98385,Undergraduate,Salaried,Married,44564,1,0,Yes
26,Male,108381,Postgraduate,Self_Employed,Single,49058,1,0,Yes
32,Female,88021,Postgraduate,Salaried,Married,16894,1,1,Yes
26,Female,65607,Graduate,Salaried,Married,48917,0,0,No
42,Female,110921,Graduate,Salaried,Married,41051,0,1,No
26,Female,53082,Graduate,Unemployed,Married,38724,0,1,No
47,Male,44586,Postgraduate,Salaried,Married,45986,1,0,Yes
34,Female,91987,Undergraduate,Salaried,Married,36766,0,0,No
61,Male,113032,Undergraduate,Salaried,Single,41192,1,0,Yes
35,Male,80482,Undergraduate,Self_Employed,Single,37661,1,1,Yes
47,Female,81894,Undergraduate,Salaried,Single,30138,0,0,No
25,Female,74387,Graduate,Self_Employed,Married,5168,1,1,Yes
58,Female,39476,Graduate,Self_Employed,Married,27618,1,1,No
50,Female,44727,Postgraduate,Unemployed,Married,20306,1,0,Yes
41,Female,112435,Graduate,Salaried,Single,37461,0,0,No
53,Female,33154,Graduate,Unemployed,Married,6005,0,1,No
62,Male,29807,Graduate,Salaried,Married,45845,1,0,Yes
42,Female,61505,Postgraduate,Self_Employed,Married,40456,0,0,No
36,Female,49817,Postgraduate,Unemployed,Married,11451,0,1,No
31,Female,23794,Undergraduate,Salaried,Single,24226,1,1,Yes
48,Male,52007,Postgraduate,Salaried,Single,16140,0,0,Yes
60,Female,101226,Postgraduate,Unemployed,Married,43217,0,0,No
50,Female,80236,Graduate,Self_Employed,Single,35490,1,0,Yes
25,Female,65293,Postgraduate,Salaried,Married,21390,1,1,Yes
33,Female,83335,Undergraduate,Unemployed,Married,42481,1,1,No
65,Female,22875,Postgraduate,Salaried,Married,5530,0,1,No
39,Male,99569,Graduate,Unemployed,Single,45690,1,0,Yes
61,Male,102242,Postgraduate,Unemployed,Married,33889,0,1,No
29,Male,58680,Graduate,Self_Employed,Married,16510,0,0,Yes
55,Female,89579,Postgraduate,Salaried,Single,21840,1,1,Yes
42,Male,81385,Undergraduate,Unemployed,Single,49323,1,1,No
26,Female,21824,Graduate,Self_Employed,Single,34804,1,1,No
58,Female,103695,Graduate,Unemployed,Single,35898,0,1,No
60,Male,104889,Undergraduate,Self_Employed,Married,24804,1,0,Yes
29,Male,24877,Graduate,Salaried,Single,11369,0,0,No
45,Female,68629,Postgraduate,Self_Employed,Married,43491,0,1,No
62,Male,84139,Postgraduate,Salaried,Married,7144,1,0,Yes
49,Female,50947,Graduate,Unemployed,Married,40682,1,0,Yes
46,Female,44878,Undergraduate,Salaried,Single,48435,0,0,No
24,Female,51925,Undergraduate,Self_Employed,Single,9496,0,0,Yes
35,Female,39340,Postgraduate,Unemployed,Married,14482,0,1,No
32,Male,106646,Undergraduate,Unemployed,Single,28477,0,1,No
22,Male,54782,Undergraduate,Unemployed,Married,39477,0,0,No
51,Female,67453,Postgraduate,Self_Employed,Single,34622,0,0,No
63,Female,80036,Postgraduate,Unemployed,Single,36390,1,1,No
64,Male,84260,Postgraduate,Salaried,Single,10294,1,0,Yes
25,Male,56046,Postgraduate,Self_Employed,Married,29962,1,1,Yes
53,Female,32999,Postgraduate,Unemployed,Single,33185,1,0,No
47,Female,79441,Graduate,Salaried,Single,25483,1,1,Yes
63,Female,69060,Undergraduate,Self_Employed,Married,9399,0,0,Yes
26,Female,32656,Postgraduate,Self_Employed,Married,13527,0,1,No
63,Male,73845,Graduate,Self_Employed,Married,8371,1,1,Yes
43,Male,95748,Postgraduate,Unemployed,Single,48039,1,0,Yes
27,Female,92910,Graduate,Unemployed,Married,42624,0,1,No
56,Male,99822,Postgraduate,Self_Employed,Married,6897,0,1,No
65,Female,64541,Graduate,Unemployed,Single,14388,1,0,Yes
30,Male,32026,Postgraduate,Self_Employed,Single,29654,1,1,No
42,Male,68503,Graduate,Self_Employed,Married,42197,0,0,No
30,Male,118885,Postgraduate,Unemployed,Single,22832,1,1,Yes
52,Female,74287,Graduate,Unemployed,Single,27621,1,0,Yes
39,Female,89066,Postgraduate,Salaried,Single,19451,1,0,Yes
21,Male,59507,Undergraduate,Unemployed,Married,23969,1,0,Yes
21,Female,117912,Graduate,Unemployed,Single,29917,0,1,No
25,Female,117260,Undergraduate,Salaried,Single,35130,0,1,No
57,Female,95156,Graduate,Self_Employed,Married,23973,0,1,No
22,Female,42527,Postgraduate,Salaried,Married,10775,1,0,Yes
36,Female,97184,Graduate,Self_Employed,Single,30936,1,1,Yes
35,Female,42037,Undergraduate,Self_Employed,Single,39773,0,1,No
43,Male,50968,Undergraduate,Unemployed,Married,17928,0,0,No
62,Male,43218,Postgraduate,Salaried,Married,41944,1,1,No
61,Female,39786,Graduate,Unemployed,Married,33980,1,1,No
58,Male,66129,Postgraduate,Unemployed,Married,35260,1,0,Yes
24,Female,57627,Undergraduate,Self_Employed,Single,45305,1,1,Yes
58,Male,78947,Postgraduate,Self_Employed,Single,26071,1,0,Yes
24,Female,33566,Graduate,Self_Employed,Single,38066,0,0,No
36,Female,77595,Postgraduate,Self_Employed,Single,28848,1,1,Yes
45,Female,64350,Postgraduate,Self_Employed,Single,46345,1,0,Yes
42,Male,93133,Postgraduate,Salaried,Married,21514,0,1,No
26,Male,65851,Graduate,Self_Employed,Married,13450,0,1,No
56,Female,104343,Graduate,Unemployed,Single,47337,1,1,No
22,Female,60483,Undergraduate,Unemployed,Married,36868,0,0,No
29,Male,30114,Graduate,Unemployed,Single,48380,1,0,No
59,Female,40218,Undergraduate,Unemployed,Single,33683,0,1,No
44,Male,78222,Postgraduate,Salaried,Married,20335,0,1,No
51,Male,68213,Postgraduate,Self_Employed,Married,35256,1,1,Yes
53,Female,41241,Undergraduate,Self_Employed,Single,21384,0,1,No
44,Male,113244,Postgraduate,Unemployed,Married,10496,0,1,No
49,Male,77340,Undergraduate,Unemployed,Married,27910,0,1,No
24,Female,85799,Graduate,Unemployed,Married,10348,1,0,Yes
22,Female,32987,Postgraduate,Self_Employed,Married,14571,0,0,No
39,Female,111235,Undergraduate,Self_Employed,Married,34399,0,0,No
22,Female,48266,Undergraduate,Self_Employed,Married,12286,1,0,Yes
40,Male,26258,Undergraduate,Salaried,Married,9116,0,1,No
59,Male,102831,Postgraduate,Self_Employed,Single,14409,1,1,Yes
21,Female,51531,Postgraduate,Salaried,Single,48540,0,1,No
25,Male,71177,Graduate,Unemployed,Married,29464,1,0,Yes
43,Male,65193,Undergraduate,Self_Employed,Single,43135,1,0,Yes
23,Female,91567,Graduate,Self_Employed,Single,49871,1,1,Yes
61,Male,37675,Undergraduate,Self_Employed,Married,7423,1,0,Yes
23,Male,25492,Graduate,Salaried,Married,40588,1,1,No
23,Male,57501,Graduate,Unemployed,Married,22905,0,1,No
48,Female,117426,Graduate,Salaried,Married,17243,1,1,Yes
44,Female,30828,Postgraduate,Salaried,Single,33220,0,1,No
41,Male,30494,Graduate,Self_Employed,Married,25086,1,1,No
31,Female,66077,Graduate,Unemployed,Married,45294,1,1,No
61,Male,29835,Postgraduate,Self_Employed,Married,28809,0,0,No
30,Female,24561,Undergraduate,Unemployed,Single,47281,1,1,No
45,Male,99310,Undergraduate,Self_Employed,Married,29311,1,1,Yes
25,Male,89397,Graduate,Salaried,Married,47569,1,0,Yes
28,Male,116426,Undergraduate,Salaried,Married,41809,0,1,No
37,Female,48124,Postgraduate,Salaried,Married,18118,0,0,Yes
25,Female,42630,Postgraduate,Salaried,Single,49690,1,1,No
25,Female,59315,Undergraduate,Self_Employed,Single,28690,0,0,No
33,Male,51029,Graduate,Unemployed,Married,41308,1,1,No
56,Male,100209,Undergraduate,Unemployed,Married,31093,1,1,No
47,Male,36426,Graduate,Self_Employed,Single,34489,1,1,No
29,Male,36912,Graduate,Self_Employed,Single,13137,0,1,No
31,Male,62291,Postgraduate,Unemployed,Married,39006,1,0,Yes
37,Male,103238,Postgraduate,Salaried,Single,45961,1,0,Yes
53,Male,97569,Postgraduate,Unemployed,Single,48170,1,0,Yes
22,Male,25958,Postgraduate,Self_Employed,Married,47672,0,1,No
60,Male,85278,Postgraduate,Self_Employed,Married,47068,1,1,Yes
36,Female,58985,Graduate,Unemployed,Single,15359,1,1,Yes
51,Female,46741,Graduate,Self_Employed,Single,25485,1,1,Yes
46,Male,119701,Graduate,Self_Employed,Single,25913,0,1,No
28,Female,78929,Undergraduate,Unemployed,Single,8316,1,1,Yes
60,Female,52541,Undergraduate,Salaried,Married,17440,0,1,No
53,Female,85373,Graduate,Salaried,Single,10901,1,1,Yes
36,Male,96460,Graduate,Unemployed,Single,23438,1,1,Yes
39,Male,34089,Graduate,Unemployed,Married,28971,1,1,No
23,Female,26705,Postgraduate,Self_Employed,Single,28758,1,0,Yes
45,Female,92070,Graduate,Self_Employed,Single,13432,0,1,No
44,Female,93116,Graduate,Unemployed,Single,44483,1,0,Yes
23,Male,37961,Postgraduate,Salaried,Married,39034,1,0,Yes
59,Male,62987,Postgraduate,Salaried,Single,30752,1,1,Yes
53,Female,112895,Postgraduate,Salaried,Married,6090,1,1,Yes
64,Male,74596,Postgraduate,Salaried,Single,44119,1,1,Yes
62,Male,114555,Undergraduate,Self_Employed,Married,16174,1,0,Yes
64,Male,24138,Postgraduate,Self_Employed,Single,17503,0,1,No
41,Female,39848,Graduate,Self_Employed,Single,31894,1,0,Yes
29,Male,93516,Graduate,Self_Employed,Married,39437,1,1,Yes
32,Female,89878,Graduate,Self_Employed,Married,49293,1,1,Yes
33,Male,56569,Postgraduate,Salaried,Single,24504,1,0,Yes
65,Female,61555,Graduate,Salaried,Married,23860,0,1,No
46,Female,39198,Graduate,Unemployed,Married,10179,1,1,No
62,Female,117955,Graduate,Unemployed,Single,40296,1,1,No
29,Male,100698,Postgraduate,Self_Employed,Single,20889,0,0,Yes
61,Male,26880,Undergraduate,Salaried,Married,35959,0,0,No
21,Male,73334,Postgraduate,Salaried,Married,47633,0,1,No
41,Female,104659,Undergraduate,Unemployed,Single,40071,0,0,No
47,Male,24763,Graduate,Salaried,Single,23970,0,0,No
40,Male,63914,Graduate,Salaried,Married,13794,1,1,Yes
33,Male,63343,Undergraduate,Self_Employed,Married,47486,1,0,Yes
21,Female,58669,Postgraduate,Self_Employed,Single,16501,1,1,Yes
53,Female,31368,Graduate,Self_Employed,Single,17109,0,1,No
41,Male,20895,Graduate,Salaried,Single,34277,1,1,No
40,Male,54282,Postgraduate,Salaried,Single,9071,0,1,No
40,Male,73138,Postgraduate,Self_Employed,Married,12694,1,1,Yes
60,Male,48721,Undergraduate,Salaried,Single,34817,1,1,Yes
65,Female,119267,Postgraduate,Self_Employed,Single,21217,0,1,No
54,Female,30237,Postgraduate,Unemployed,Single,40890,0,0,No
31,Female,88202,Graduate,Unemployed,Single,43217,1,0,Yes
53,Female,27292,Graduate,Unemployed,Married,34936,0,1,No
64,Female,114801,Undergraduate,Salaried,Married,5197,0,0,Yes
23,Female,65158,Postgraduate,Unemployed,Single,9523,1,0,Yes
39,Female,43590,Undergraduate,Self_Employed,Married,29540,1,1,No
45,Female,30518,Postgraduate,Self_Employed,Single,47830,1,0,Yes
32,Female,89316,Undergraduate,Self_Employed,Single,5227,0,1,No
50,Female,89721,Graduate,Unemployed,Single,35187,1,0,Yes
38,Male,115030,Undergraduate,Unemployed,Married,45299,0,0,No
34,Male,33224,Postgraduate,Unemployed,Married,44176,0,0,No
23,Female,77535,Undergraduate,Self_Employed,Single,8699,0,1,No
35,Female,95690,Postgraduate,Self_Employed,Married,20525,1,0,Yes
63,Male,74206,Graduate,Salaried,Single,41485,0,1,No
56,Female,26145,Graduate,Self_Employed,Married,39371,1,1,No
47,Male,59306,Graduate,Unemployed,Married,20792,0,1,No
30,Female,27552,Postgraduate,Salaried,Married,41522,0,1,No
36,Female,46651,Graduate,Self_Employed,Single,34477,1,0,Yes
55,Male,26755,Graduate,Salaried,Single,9769,0,0,No
51,Male,63642,Graduate,Unemployed,Single,17453,0,1,No
36,Male,71987,Undergraduate,Self_Employed,Married,23550,1,1,Yes
55,Female,60425,Graduate,Salaried,Married,35540,0,1,No
41,Male,68589,Graduate,Salaried,Single,41865,0,0,No
22,Female,92523,Postgraduate,Self_Employed,Married,24345,0,0,Yes
42,Male,69786,Postgraduate,Unemployed,Married,41086,1,1,No
52,Female,80401,Undergraduate,Self_Employed,Married,16092,0,1,No
32,Male,88674,Undergraduate,Unemployed,Single,5418,1,0,Yes
61,Male,28908,Postgraduate,Unemployed,Single,19334,1,1,No
24,Female,106413,Graduate,Unemployed,Single,39879,1,0,Yes
22,Female,90220,Graduate,Unemployed,Married,16748,0,0,No
54,Male,51584,Undergraduate,Self_Employed,Married,28228,1,1,Yes
26,Female,73218,Graduate,Self_Employed,Single,19801,1,0,Yes
62,Male,32255,Graduate,Salaried,Married,41221,1,0,Yes
61,Male,112123,Undergraduate,Unemployed,Married,33436,1,0,Yes
54,Male,50115,Undergraduate,Self_Employed,Married,22766,0,0,Yes
64,Female,91176,Postgraduate,Self_Employed,Single,16754,1,0,Yes
34,Male,118599,Postgraduate,Salaried,Single,24613,0,0,Yes
57,Female,108740,Postgraduate,Salaried,Married,14171,0,1,No
24,Male,77290,Undergraduate,Unemployed,Married,44660,1,1,No
22,Female,79054,Graduate,Unemployed,Married,41243,1,1,No
32,Female,31232,Postgraduate,Salaried,Single,9817,0,1,No
30,Female,113280,Postgraduate,Unemployed,Married,25753,1,0,Yes
26,Male,60405,Graduate,Salaried,Married,11699,0,0,Yes
32,Female,78830,Postgraduate,Self_Employed,Married,11769,0,0,Yes
43,Male,98240,Postgraduate,Salaried,Married,5808,1,1,Yes
45,Male,115006,Postgraduate,Unemployed,Single,49912,1,0,Yes
29,Female,59469,Graduate,Salaried,Single,9146,0,1,No
38,Female,59289,Graduate,Unemployed,Married,21495,0,1,No
59,Male,80012,Undergraduate,Unemployed,Married,5443,1,1,Yes
60,Female,63193,Graduate,Salaried,Married,47666,0,1,No
41,Male,82784,Graduate,Unemployed,Married,25915,1,1,No
57,Male,62714,Graduate,Salaried,Married,28921,0,0,No
58,Male,109353,Postgraduate,Unemployed,Married,18739,1,1,Yes
65,Male,73627,Postgraduate,Salaried,Single,46506,1,0,Yes
37,Male,113747,Graduate,Salaried,Single,34430,1,1,Yes
55,Female,91256,Undergraduate,Salaried,Single,12167,0,1,No
31,Male,93822,Postgraduate,Self_Employed,Married,26731,1,0,Yes
21,Male,53913,Undergraduate,Self_Employed,Single,34214,1,1,Yes
50,Male,65215,Undergraduate,Salaried,Single,24361,1,0,Yes
28,Male,65656,Graduate,Salaried,Married,18557,1,1,Yes
51,Male,77431,Postgraduate,Self_Employed,Married,25900,0,1,No
23,Male,22960,Graduate,Self_Employed,Single,49377,0,0,No
54,Male,92339,Undergraduate,Salaried,Married,35281,0,1,No
61,Male,44430,Postgraduate,Self_Employed,Married,30924,0,0,No
49,Female,70965,Undergraduate,Self_Employed,Single,18486,1,0,Yes
57,Male,90371,Undergraduate,Salaried,Married,17915,1,0,Yes
37,Female,89168,Postgraduate,Salaried,Married,45062,1,0,Yes
43,Female,80012,Postgraduate,Unemployed,Married,45270,0,0,No
41,Male,51270,Graduate,Unemployed,Single,29464,0,1,No
47,Male,95340,Graduate,Salaried,Single,36894,0,0,No
52,Female,38388,Undergraduate,Salaried,Married,45593,0,1,No
21,Female,37895,Undergraduate,Salaried,Married,31813,1,1,No
49,Female,41922,Undergraduate,Self_Employed,Single,19452,1,0,Yes
38,Male,90465,Graduate,Unemployed,Married,42070,1,0,Yes
57,Male,55112,Postgraduate,Salaried,Single,33925,0,1,No
27,Male,59021,Undergraduate,Salaried,Married,27844,0,1,No
28,Male,47509,Postgraduate,Self_Employed,Married,44994,1,0,Yes
60,Male,47082,Undergraduate,Unemployed,Married,39883,1,0,Yes
41,Female,57923,Postgraduate,Salaried,Single,13885,1,0,Yes
38,Male,111937,Undergraduate,Unemployed,Single,26108,0,1,No
52,Male,95684,Postgraduate,Salaried,Married,29587,1,0,Yes
61,Male,72802,Postgraduate,Self_Employed,Married,29187,1,1,Yes
41,Male,116039,Undergraduate,Self_Employed,Married,46604,1,0,Yes
55,Female,48551,Graduate,Unemployed,Married,22598,1,1,Yes
42,Male,94205,Graduate,Salaried,Single,8010,0,1,No
22,Male,40707,Graduate,Salaried,Single,33036,0,0,No
62,Female,40837,Graduate,Unemployed,Married,21409,0,1,No
63,Male,26787,Graduate,Self_Employed,Married,20344,1,0,Yes
27,Male,47973,Graduate,Unemployed,Single,43907,0,1,No
21,Male,111173,Graduate,Unemployed,Married,13662,1,0,Yes
35,Female,31708,Postgraduate,Unemployed,Single,25535,1,1,No
29,Female,118717,Undergraduate,Self_Employed,Single,9483,0,0,Yes
49,Female,114690,Undergraduate,Self_Employed,Single,31981,1,0,Yes
26,Male,38351,Undergraduate,Self_Employed,Married,28038,1,1,No
29,Male,56302,Postgraduate,Unemployed,Single,41267,1,0,Yes
63,Female,46928,Postgraduate,Self_Employed,Single,30673,1,0,Yes
36,Female,70578,Undergraduate,Unemployed,Married,46817,0,0,No
44,Female,37299,Graduate,Self_Employed,Married,28947,0,1,No
25,Male,96986,Undergraduate,Unemployed,Married,19138,0,0,No
46,Female,102388,Postgraduate,Self_Employed,Married,32759,1,0,Yes
61,Male,56368,Undergraduate,Salaried,Single,38508,0,0,No
55,Female,71213,Postgraduate,Self_Employed,Single,25327,1,0,Yes
24,Male,31300,Graduate,Unemployed,Married,45127,0,1,No
63,Male,35655,Undergraduate,Self_Employed,Single,5743,0,1,No
43,Female,41884,Graduate,Unemployed,Married,12736,0,1,No
48,Female,88662,Undergraduate,Salaried,Single,37515,1,1,Yes
24,Female,94302,Undergraduate,Salaried,Single,21719,0,0,Yes
35,Male,25772,Undergraduate,Unemployed,Single,35917,1,1,No
30,Male,24635,Postgraduate,Self_Employed,Married,19713,1,0,Yes
47,Female,55554,Undergraduate,Self_Employed,Married,12825,0,0,Yes
35,Male,72550,Undergraduate,Salaried,Married,25361,1,0,Yes
56,Female,21044,Graduate,Unemployed,Married,41949,1,0,No
50,Female,97554,Graduate,Unemployed,Single,14867,0,1,No
22,Male,90981,Graduate,Self_Employed,Single,26955,0,1,No
40,Male,46895,Postgraduate,Unemployed,Married,37245,0,0,No
38,Male,25754,Undergraduate,Self_Employed,Married,29411,1,0,Yes
58,Male,86247,Undergraduate,Self_Employed,Married,9904,0,1,No
63,Male,51034,Graduate,Salaried,Married,30752,1,1,Yes
49,Female,50619,Undergraduate,Unemployed,Single,43319,0,0,No
27,Male,78925,Graduate,Salaried,Married,12912,1,0,Yes
49,Female,80731,Graduate,Unemployed,Single,15329,1,0,Yes
34,Female,39441,Undergraduate,Self_Employed,Single,28313,1,0,Yes
64,Female,54100,Undergraduate,Unemployed,Married,34635,0,0,No
50,Male,38322,Undergraduate,Unemployed,Single,19567,0,0,No
46,Female,109952,Postgraduate,Self_Employed,Single,43163,1,0,Yes
22,Male,45919,Postgraduate,Salaried,Single,11027,1,0,Yes
23,Female,26637,Undergraduate,Self_Employed,Married,30886,1,0,Yes
45,Female,42650,Graduate,Unemployed,Single,23021,1,1,No
30,Male,100492,Postgraduate,Self_Employed,Single,47420,1,1,Yes
47,Female,27992,Undergraduate,Salaried,Married,13993,1,0,Yes
62,Male,102674,Postgraduate,Unemployed,Married,28534,1,1,No
43,Female,70905,Graduate,Unemployed,Single,25897,0,0,No
38,Male,81824,Postgraduate,Salaried,Single,15461,0,0,Yes
63,Male,54934,Postgraduate,Self_Employed,Single,19379,1,1,Yes
32,Male,51005,Postgraduate,Salaried,Married,43768,0,1,No
57,Male,93807,Undergraduate,Salaried,Married,16505,1,0,Yes
26,Male,50490,Postgraduate,Unemployed,Single,39501,1,0,Yes
42,Male,37103,Graduate,Self_Employed,Single,26206,0,0,No
30,Male,34538,Postgraduate,Salaried,Single,29483,1,0,Yes
42,Female,62284,Undergraduate,Unemployed,Married,46894,1,1,No
32,Female,49260,Postgraduate,Self_Employed,Single,29797,1,1,Yes
29,Male,115529,Undergraduate,Self_Employed,Married,42190,0,0,No
59,Female,100134,Undergraduate,Self_Employed,Single,37517,0,1,No
25,Male,65457,Graduate,Unemployed,Single,48910,1,1,No
21,Female,47483,Undergraduate,Self_Employed,Single,27969,1,0,Yes
21,Male,70585,Graduate,Self_Employed,Married,15901,1,1,Yes
45,Female,91568,Graduate,Unemployed,Married,42883,0,0,No
49,Male,24379,Graduate,Unemployed,Married,22113,0,0,No
42,Male,69212,Undergraduate,Self_Employed,Single,40851,0,1,No
59,Female,112340,Undergraduate,Salaried,Single,44801,1,0,Yes
24,Male,63397,Undergraduate,Unemployed,Married,41314,1,1,No
40,Male,32571,Undergraduate,Salaried,Married,15065,0,1,No
21,Female,31485,Graduate,Self_Employed,Married,18085,0,0,No
34,Male,103648,Graduate,Unemployed,Married,12569,1,1,Yes
51,Female,106643,Graduate,Unemployed,Married,17116,1,1,Yes
44,Male,78428,Undergraduate,Salaried,Married,35478,1,0,Yes
38,Male,39808,Postgraduate,Self_Employed,Single,10616,1,1,Yes
58,Male,92561,Undergraduate,Salaried,Married,40095,1,0,Yes
51,Female,30348,Graduate,Self_Employed,Single,37905,0,0,No
49,Male,41910,Undergraduate,Unemployed,Single,7796,1,0,Yes
64,Female,46465,Postgraduate,Unemployed,Married,25955,0,0,No
45,Female,92358,Graduate,Salaried,Married,5810,1,0,Yes
47,Male,39424,Postgraduate,Self_Employed,Single,11922,0,1,No
55,Female,73856,Graduate,Salaried,Married,42488,1,0,Yes
32,Female,72818,Undergraduate,Self_Employed,Married,7541,1,1,Yes
65,Male,26460,Postgraduate,Salaried,Married,29408,0,1,No
40,Female,56745,Graduate,Self_Employed,Single,19939,0,1,No
49,Female,55313,Postgraduate,Salaried,Single,17316,1,0,Yes
47,Female,119548,Postgraduate,Salaried,Single,38768,0,0,No
40,Female,37779,Postgraduate,Self_Employed,Single,16386,0,0,No
24,Male,24334,Graduate,Unemployed,Married,18048,1,1,No
50,Female,103284,Undergraduate,Self_Employed,Single,20855,1,1,Yes
59,Female,43276,Graduate,Self_Employed,Married,27560,0,1,No
65,Male,57364,Undergraduate,Salaried,Single,15676,0,0,Yes
62,Male,108826,Undergraduate,Salaried,Married,38638,0,0,No
51,Male,104852,Undergraduate,Self_Employed,Single,19664,1,1,Yes
62,Female,75549,Graduate,Salaried,Married,21514,0,1,No
40,Female,96609,Undergraduate,Unemployed,Married,41795,1,1,No
64,Male,83142,Undergraduate,Salaried,Married,46982,1,1,Yes
37,Female,44688,Undergraduate,Self_Employed,Single,8720,1,1,Yes
64,Male,114540,Undergraduate,Self_Employed,Married,24372,1,1,Yes
46,Female,116564,Undergraduate,Self_Employed,Single,27489,0,1,No
63,Female,86494,Graduate,Unemployed,Single,24253,0,1,No
29,Female,115051,Postgraduate,Unemployed,Married,47889,0,0,No
43,Male,117545,Graduate,Salaried,Married,29358,1,1,Yes
50,Male,81674,Undergraduate,Self_Employed,Single,35947,0,0,No
64,Female,89446,Graduate,Salaried,Single,14881,0,0,Yes
42,Female,94632,Graduate,Unemployed,Married,16819,0,1,No
42,Male,61079,Postgraduate,Unemployed,Single,34625,1,0,Yes
31,Male,84169,Undergraduate,Unemployed,Married,46516,1,1,No
48,Female,70242,Undergraduate,Unemployed,Single,29451,0,1,No
54,Male,22348,Postgraduate,Unemployed,Single,19828,1,1,No
29,Male,70272,Postgraduate,Self_Employed,Married,15945,0,0,Yes
40,Female,79759,Postgraduate,Self_Employed,Married,33420,0,1,No
52,Female,118319,Undergraduate,Unemployed,Married,6253,0,0,No
29,Male,116216,Undergraduate,Self_Employed,Single,13071,1,0,Yes
45,Female,90088,Postgraduate,Unemployed,Single,48382,0,0,No
24,Male,74627,Graduate,Salaried,Single,40866,1,1,Yes
65,Male,46934,Postgraduate,Self_Employed,Single,24733,1,0,Yes
63,Female,101631,Postgraduate,Self_Employed,Single,32448,0,0,No
39,Male,33928,Graduate,Unemployed,Single,22235,0,1,No
47,Female,41020,Undergraduate,Self_Employed,Married,18611,1,1,Yes
36,Male,21671,Postgraduate,Unemployed,Single,42627,1,0,No
26,Male,114838,Postgraduate,Unemployed,Married,47227,0,1,No
39,Female,80853,Undergraduate,Unemployed,Single,7585,1,1,Yes
64,Female,75836,Postgraduate,Unemployed,Single,8007,0,0,No
63,Male,63078,Graduate,Salaried,Married,11091,1,1,Yes
32,Male,72530,Graduate,Salaried,Married,30278,1,1,Yes
62,Male,34818,Undergraduate,Self_Employed,Single,15446,0,1,No
58,Female,94572,Postgraduate,Salaried,Single,45063,1,1,Yes
60,Male,109714,Postgraduate,Unemployed,Married,36989,0,1,No
49,Male,28301,Graduate,Self_Employed,Married,5810,0,1,No
54,Male,76734,Postgraduate,Self_Employed,Single,36583,1,1,Yes
30,Male,21526,Postgraduate,Unemployed,Married,37495,0,0,No
52,Female,51574,Graduate,Salaried,Single,38222,0,1,No
46,Male,30332,Graduate,Salaried,Married,10768,1,1,Yes
41,Male,85191,Postgraduate,Self_Employed,Single,11726,1,1,Yes
23,Male,31913,Postgraduate,Self_Employed,Married,38314,0,1,No
42,Female,27113,Undergraduate,Salaried,Married,41710,1,1,No
49,Male,32771,Postgraduate,Unemployed,Single,27371,1,1,No
56,Female,112025,Undergraduate,Unemployed,Single,37271,0,1,No
27,Female,100065,Undergraduate,Unemployed,Single,30748,0,1,No
33,Female,34125,Graduate,Unemployed,Single,34524,1,0,No
52,Male,89515,Postgraduate,Unemployed,Married,43346,1,0,Yes
65,Male,115747,Undergraduate,Unemployed,Married,48091,1,1,No
47,Male,55860,Graduate,Salaried,Married,34677,0,0,No
47,Female,111946,Postgraduate,Salaried,Single,18165,0,1,No
64,Female,108129,Undergraduate,Self_Employed,Single,38023,1,0,Yes
43,Female,96389,Postgraduate,Self_Employed,Married,49187,1,1,Yes
21,Male,23312,Graduate,Unemployed,Single,48925,0,0,No
38,Male,57567,Postgraduate,Salaried,Single,9065,1,0,Yes
55,Male,67013,Graduate,Unemployed,Single,47409,1,0,Yes
53,Female,110824,Postgraduate,Unemployed,Married,30398,1,1,No
56,Male,21699,Postgraduate,Salaried,Single,45669,1,0,Yes
61,Female,118973,Postgraduate,Self_Employed,Single,17681,1,1,Yes
32,Male,44507,Undergraduate,Self_Employed,Single,29720,0,1,No
38,Female,37048,Undergraduate,Self_Employed,Married,5369,1,1,Yes
30,Male,40146,Graduate,Self_Employed,Single,45984,1,1,No
57,Female,29552,Postgraduate,Salaried,Single,17050,0,0,No
47,Female,32051,Graduate,Unemployed,Single,48472,1,1,No
44,Female,48632,Postgraduate,Self_Employed,Married,41787,0,0,No
63,Female,78414,Undergraduate,Self_Employed,Single,7613,1,1,Yes
28,Female,53631,Postgraduate,Self_Employed,Married,6619,1,1,Yes
52,Male,58854,Postgraduate,Unemployed,Married,38678,0,0,No
31,Male,102173,Undergraduate,Unemployed,Single,49918,1,0,Yes
34,Female,104746,Undergraduate,Self_Employed,Single,6556,1,1,Yes
23,Male,29600,Undergraduate,Unemployed,Married,41574,0,0,No
37,Female,70860,Graduate,Self_Employed,Married,33378,1,0,Yes
45,Male,90101,Undergraduate,Self_Employed,Single,43378,0,0,No
43,Male,57989,Postgraduate,Salaried,Single,23449,1,1,Yes
46,Male,82126,Undergraduate,Self_Employed,Single,13937,1,1,Yes
61,Male,59066,Postgraduate,Self_Employed,Married,5730,0,0,Yes
23,Male,95067,Postgraduate,Salaried,Single,24968,0,1,No
34,Female,104663,Postgraduate,Unemployed,Single,17058,0,1,No
33,Male,43770,Postgraduate,Self_Employed,Single,40969,1,0,Yes
39,Male,52858,Undergraduate,Unemployed,Married,26682,1,0,Yes
63,Male,33113,Graduate,Self_Employed,Single,17681,1,1,Yes
49,Female,100785,Postgraduate,Salaried,Single,42064,1,1,Yes
48,Male,20633,Graduate,Unemployed,Single,46997,1,1,No
44,Male,109073,Postgraduate,Salaried,Married,35333,1,1,Yes
40,Female,92308,Undergraduate,Unemployed,Single,23390,0,0,No
37,Male,115345,Undergraduate,Unemployed,Single,43134,1,0,Yes
23,Female,91233,Postgraduate,Salaried,Single,28974,1,0,Yes
58,Female,37548,Graduate,Self_Employed,Single,31003,1,0,Yes
63,Male,100482,Postgraduate,Unemployed,Single,34243,0,0,No
57,Male,116458,Postgraduate,Salaried,Married,7648,0,1,No
35,Male,54649,Graduate,Unemployed,Single,48816,0,1,No
45,Female,79591,Undergraduate,Unemployed,Married,11764,1,1,Yes
58,Male,69369,Postgraduate,Salaried,Married,43514,0,1,No
45,Male,87681,Graduate,Salaried,Married,36906,1,0,Yes
53,Male,77658,Undergraduate,Unemployed,Single,38720,1,0,Yes
30,Male,40625,Graduate,Self_Employed,Single,48326,0,1,No
42,Male,83113,Postgraduate,Salaried,Married,18808,0,1,No
22,Male,25655,Undergraduate,Self_Employed,Single,13829,0,0,No
24,Male,53850,Undergraduate,Self_Employed,Married,44279,0,1,No
26,Male,78877,Postgraduate,Salaried,Married,16178,0,1,No
59,Male,96368,Undergraduate,Self_Employed,Married,15991,1,1,Yes
59,Male,50122,Graduate,Salaried,Single,12115,0,0,Yes
54,Female,39603,Postgraduate,Unemployed,Single,36186,0,0,No
26,Female,106427,Undergraduate,Self_Employed,Single,49470,1,1,Yes
44,Male,111441,Postgraduate,Salaried,Single,36596,1,1,Yes
58,Male,75769,Undergraduate,Salaried,Married,20237,0,1,No
59,Female,53791,Undergraduate,Unemployed,Single,42878,0,0,No
45,Male,110146,Graduate,Salaried,Married,11985,0,1,No
62,Female,54249,Postgraduate,Salaried,Married,45100,1,1,Yes
34,Female,92365,Postgraduate,Salaried,Single,29262,1,1,Yes
40,Female,112470,Graduate,Self_Employed,Single,48206,0,0,No
49,Male,33143,Undergraduate,Self_Employed,Married,27179,0,0,No
45,Male,31939,Undergraduate,Salaried,Married,10776,0,1,No
35,Female,30490,Postgraduate,Unemployed,Married,31256,1,0,No
32,Female,77536,Undergraduate,Unemployed,Married,17762,0,0,No
60,Male,108345,Undergraduate,Salaried,Single,47927,0,0,No
26,Female,72354,Graduate,Self_Employed,Married,31571,0,0,No
25,Male,92036,Graduate,Self_Employed,Married,27772,1,0,Yes
59,Male,79606,Graduate,Self_Employed,Single,22111,0,1,No
53,Male,93220,Undergraduate,Self_Employed,Married,27280,0,1,No
55,Female,110989,Graduate,Salaried,Married,20943,1,1,Yes
64,Female,96916,Undergraduate,Salaried,Single,21896,0,1,No
61,Male,108724,Postgraduate,Unemployed,Married,32028,1,0,Yes
65,Female,52539,Graduate,Unemployed,Married,49151,1,0,Yes
56,Male,82463,Graduate,Salaried,Single,42598,1,0,Yes
64,Male,85404,Postgraduate,Unemployed,Single,20863,1,0,Yes
35,Male,52728,Postgraduate,Salaried,Single,11991,0,0,Yes
64,Female,100455,Undergraduate,Self_Employed,Single,36607,1,1,Yes
52,Female,84330,Undergraduate,Self_Employed,Married,31075,0,0,No
24,Female,82694,Postgraduate,Unemployed,Married,30802,0,1,No
28,Female,61373,Postgraduate,Unemployed,Single,49178,0,1,No
58,Male,62655,Graduate,Self_Employed,Married,17265,1,0,Yes
38,Female,100358,Graduate,Salaried,Single,37687,1,0,Yes
47,Female,67851,Graduate,Salaried,Married,16789,0,0,Yes
27,Female,50907,Postgraduate,Salaried,Married,17849,0,0,Yes
51,Male,43148,Graduate,Salaried,Single,46330,1,1,No
40,Female,93680,Postgraduate,Unemployed,Married,11486,0,0,No
34,Female,82460,Postgraduate,Unemployed,Married,26932,1,1,No
44,Female,65107,Undergraduate,Salaried,Single,28009,0,0,No
39,Female,62610,Postgraduate,Self_Employed,Married,34290,0,1,No
60,Female,80784,Postgraduate,Unemployed,Single,46981,1,1,No
61,Female,29351,Undergraduate,Unemployed,Married,19956,1,1,No
62,Female,113117,Graduate,Self_Employed,Married,22776,1,1,Yes
58,Female,74262,Undergraduate,Unemployed,Single,13194,0,1,No
65,Male,47600,Undergraduate,Salaried,Single,11262,0,1,No
56,Male,23455,Graduate,Self_Employed,Single,11811,1,0,Yes
26,Female,60549,Undergraduate,Unemployed,Married,34042,0,0,No
54,Male,23744,Undergraduate,Self_Employed,Married,26312,1,1,No
55,Female,91898,Graduate,Unemployed,Single,43720,1,1,No
54,Female,65504,Graduate,Self_Employed,Single,10869,1,1,Yes
44,Female,54053,Undergraduate,Salaried,Single,5006,0,1,No
39,Female,90136,Undergraduate,Self_Employed,Married,36265,1,0,Yes
48,Female,98250,Undergraduate,Unemployed,Married,17358,1,1,Yes
46,Male,41400,Postgraduate,Self_Employed,Married,29796,0,1,No
26,Female,101962,Undergraduate,Self_Employed,Married,23656,1,1,Yes
33,Male,43908,Undergraduate,Salaried,Single,46739,1,1,No
38,Female,44613,Graduate,Unemployed,Single,8252,0,0,No
27,Female,55283,Undergraduate,Self_Employed,Married,5537,0,0,Yes
30,Male,84694,Undergraduate,Salaried,Married,25419,1,1,Yes
50,Male,63286,Undergraduate,Unemployed,Single,22465,1,0,Yes
55,Female,43803,Undergraduate,Salaried,Married,5826,0,0,No
45,Female,52396,Postgraduate,Unemployed,Single,35201,0,0,No
51,Female,109318,Graduate,Salaried,Single,46232,0,0,No
37,Female,103692,Graduate,Unemployed,Married,8413,0,0,No
36,Female,62534,Undergraduate,Unemployed,Married,43318,0,1,No
36,Male,25504,Postgraduate,Self_Employed,Married,44073,0,1,No
26,Male,40669,Graduate,Unemployed,Married,45968,0,0,No
43,Male,111924,Postgraduate,Unemployed,Single,36971,0,1,No
56,Female,77503,Postgraduate,Unemployed,Single,29757,1,0,Yes
37,Male,83609,Postgraduate,Salaried,Married,40568,1,0,Yes
57,Male,91253,Graduate,Salaried,Married,23043,0,0,Yes
54,Male,78901,Graduate,Salaried,Married,34758,0,1,No
32,Male,101229,Graduate,Self_Employed,Single,26017,0,1,No
33,Female,92281,Undergraduate,Self_Employed,Married,26141,1,1,Yes
28,Male,88576,Postgraduate,Unemployed,Single,13504,0,0,No
33,Male,83618,Undergraduate,Unemployed,Single,42421,1,1,No
54,Female,26433,Graduate,Unemployed,Single,5857,0,1,No
26,Female,103744,Undergraduate,Salaried,Married,29187,0,1,No
54,Male,116246,Undergraduate,Salaried,Single,19149,0,0,Yes
35,Female,44832,Undergraduate,Self_Employed,Single,42357,0,1,No
27,Female,108407,Graduate,Self_Employed,Married,11822,0,0,Yes
56,Female,86151,Graduate,Self_Employed,Single,39989,1,1,Yes
41,Female,68722,Graduate,Self_Employed,Married,26197,0,0,No
45,Female,67187,Graduate,Salaried,Married,5012,0,1,No
59,Male,87844,Undergraduate,Salaried,Single,24682,0,0,Yes
41,Male,110402,Graduate,Self_Employed,Single,11179,0,1,No
43,Male,38141,Graduate,Salaried,Single,20269,1,1,Yes
26,Female,94588,Undergraduate,Self_Employed,Single,26279,1,0,Yes
52,Male,98018,Postgraduate,Salaried,Single,42767,1,0,Yes
24,Female,65603,Graduate,Salaried,Single,19858,0,1,No
24,Female,88731,Undergraduate,Salaried,Single,26419,0,0,No
24,Female,78407,Postgraduate,Self_Employed,Single,19554,1,1,Yes
46,Male,37326,Graduate,Unemployed,Married,42449,0,1,No
37,Male,72235,Postgraduate,Salaried,Single,13838,1,0,Yes
52,Female,105491,Postgraduate,Unemployed,Single,20880,0,1,No
48,Female,109749,Postgraduate,Unemployed,Single,49023,1,1,No
44,Female,44967,Graduate,Salaried,Single,24976,0,1,No
60,Female,101681,Undergraduate,Salaried,Single,20301,0,1,No
30,Male,34728,Postgraduate,Unemployed,Single,45698,0,1,No
21,Female,110937,Undergraduate,Salaried,Married,35879,0,1,No
34,Male,46712,Postgraduate,Self_Employed,Married,40966,1,0,Yes
65,Male,69362,Postgraduate,Self_Employed,Single,21741,0,0,Yes
39,Male,111295,Postgraduate,Salaried,Single,35471,0,0,No
45,Female,106898,Postgraduate,Salaried,Single,6250,1,1,Yes
35,Female,86655,Postgraduate,Unemployed,Married,36762,0,0,No
33,Female,93490,Postgraduate,Unemployed,Single,21213,1,1,Yes
52,Female,117568,Undergraduate,Unemployed,Married,49847,1,1,No
61,Female,50959,Postgraduate,Salaried,Single,46011,1,1,Yes
22,Female,49567,Undergraduate,Salaried,Married,48052,0,0,No
45,Male,74700,Undergraduate,Self_Employed,Single,32948,1,1,Yes
49,Male,47100,Postgraduate,Unemployed,Single,14051,1,0,Yes
48,Male,106013,Postgraduate,Unemployed,Married,9444,0,0,No
41,Male,115299,Undergraduate,Salaried,Married,31951,1,1,Yes
61,Female,39917,Undergraduate,Unemployed,Single,17107,0,1,No
59,Male,98166,Undergraduate,Unemployed,Single,28544,0,1,No
29,Female,113325,Postgraduate,Salaried,Single,30392,1,1,Yes
29,Male,45330,Undergraduate,Unemployed,Married,5983,1,1,Yes
35,Male,119323,Undergraduate,Unemployed,Single,33788,1,1,No
50,Male,76040,Graduate,Unemployed,Married,25506,1,0,Yes
54,Male,79193,Graduate,Unemployed,Single,38993,1,0,Yes
56,Female,87649,Postgraduate,Unemployed,Single,24082,1,1,Yes
40,Female,80469,Undergraduate,Salaried,Married,45182,0,0,No
50,Female,31854,Postgraduate,Self_Employed,Single,16781,0,1,No
47,Female,79098,Undergraduate,Unemployed,Married,43686,0,1,No
26,Female,62477,Postgraduate,Self_Employed,Single,13096,0,0,Yes
49,Female,31181,Postgraduate,Self_Employed,Married,38532,0,1,No
56,Female,25754,Undergraduate,Salaried,Single,15624,0,0,No
24,Female,60378,Graduate,Self_Employed,Married,23925,0,0,Yes
29,Male,20463,Postgraduate,Salaried,Single,35057,1,1,No
55,Male,99689,Graduate,Unemployed,Single,43591,1,1,No
47,Female,30407,Postgraduate,Self_Employed,Single,21037,1,0,Yes
24,Male,39432,Undergraduate,Self_Employed,Married,7406,0,0,No
63,Female,63399,Undergraduate,Unemployed,Single,32325,0,0,No
64,Female,100096,Postgraduate,Self_Employed,Single,34841,1,0,Yes
26,Female,62312,Graduate,Salaried,Single,33005,0,1,No
51,Male,35993,Postgraduate,Salaried,Married,39540,1,0,Yes
65,Male,100223,Undergraduate,Unemployed,Single,36697,1,1,No
59,Female,54034,Postgraduate,Self_Employed,Married,13500,1,1,Yes
52,Male,99876,Undergraduate,Self_Employed,Married,17684,0,0,Yes
22,Female,101980,Undergraduate,Self_Employed,Single,45324,1,1,Yes
23,Female,65829,Postgraduate,Self_Employed,Single,5740,0,1,No
37,Male,60340,Graduate,Self_Employed,Married,5401,0,1,No
42,Female,114948,Postgraduate,Self_Employed,Single,16510,0,1,No
42,Female,82193,Undergraduate,Self_Employed,Single,36555,0,1,No
55,Female,80616,Graduate,Self_Employed,Single,39149,1,1,Yes
56,Male,47297,Postgraduate,Self_Employed,Married,28173,0,0,No
38,Male,64453,Graduate,Self_Employed,Single,42419,1,0,Yes
59,Male,118505,Graduate,Self_Employed,Married,7072,1,1,Yes
26,Female,51148,Graduate,Salaried,Married,19164,1,0,Yes
28,Female,24901,Undergraduate,Unemployed,Married,38160,0,1,No
53,Male,44931,Graduate,Salaried,Married,26452,0,0,No
54,Male,46894,Postgraduate,Unemployed,Married,30400,0,0,No
40,Male,110053,Postgraduate,Unemployed,Married,35597,0,0,No
54,Female,22946,Postgraduate,Salaried,Single,26029,0,0,No
39,Female,89766,Graduate,Salaried,Single,22868,0,0,Yes
38,Male,21999,Postgraduate,Self_Employed,Single,18538,1,1,Yes
38,Male,112321,Graduate,Self_Employed,Single,16224,0,1,No
60,Female,90854,Graduate,Unemployed,Single,6900,1,0,Yes
27,Female,27051,Undergraduate,Salaried,Married,16729,1,1,Yes
40,Female,45971,Postgraduate,Self_Employed,Single,35519,0,0,No
65,Female,32748,Graduate,Salaried,Married,35837,0,0,No
30,Female,67638,Graduate,Unemployed,Married,26283,1,1,No
22,Male,82303,Undergraduate,Salaried,Married,35227,0,1,No
43,Male,86577,Undergraduate,Salaried,Single,26356,0,1,No
55,Female,72535,Postgraduate,Salaried,Single,45689,0,0,No
51,Female,28658,Graduate,Unemployed,Married,33531,1,0,No
32,Male,116910,Postgraduate,Self_Employed,Married,12492,1,1,Yes
56,Male,78355,Undergraduate,Salaried,Married,9561,0,1,No
41,Female,104540,Postgraduate,Unemployed,Single,19261,0,0,No
30,Male,79372,Postgraduate,Salaried,Married,45342,1,0,Yes
34,Female,59286,Postgraduate,Self_Employed,Married,33490,1,0,Yes
58,Male,100149,Postgraduate,Salaried,Single,24279,0,1,No
56,Male,20110,Postgraduate,Self_Employed,Married,12189,1,0,Yes
36,Female,112041,Postgraduate,Salaried,Married,30086,1,1,Yes
48,Male,106833,Undergraduate,Salaried,Single,17335,1,1,Yes
47,Male,57810,Postgraduate,Unemployed,Single,5760,0,0,No
30,Female,106235,Graduate,Unemployed,Single,13992,1,1,Yes
65,Female,101690,Undergraduate,Salaried,Married,41179,1,1,Yes
43,Male,44352,Graduate,Self_Employed,Single,42875,1,0,Yes
53,Female,73849,Postgraduate,Self_Employed,Married,7192,0,1,No
44,Male,96056,Graduate,Self_Employed,Single,14311,1,1,Yes
54,Male,88597,Postgraduate,Unemployed,Single,35962,0,1,No
60,Male,65029,Postgraduate,Unemployed,Married,34755,1,1,No
47,Female,58616,Graduate,Unemployed,Single,44166,1,1,No
24,Female,95778,Undergraduate,Self_Employed,Single,48012,1,0,Yes
39,Female,30814,Undergraduate,Self_Employed,Single,23209,1,0,Yes
60,Female,56073,Graduate,Unemployed,Single,44572,0,0,No
63,Female,68466,Undergraduate,Salaried,Single,36779,0,0,No
42,Male,39014,Postgraduate,Unemployed,Married,32062,1,0,No
63,Female,115158,Postgraduate,Unemployed,Single,42863,1,0,Yes
62,Female,119022,Undergraduate,Unemployed,Single,35409,1,1,No
40,Female,117799,Postgraduate,Unemployed,Married,49794,1,1,No
37,Male,89526,Graduate,Unemployed,Married,34413,1,1,No
54,Male,32761,Postgraduate,Self_Employed,Married,33297,1,1,No
38,Female,32881,Graduate,Self_Employed,Married,35219,0,0,No
54,Female,108829,Postgraduate,Unemployed,Married,40888,0,0,No
25,Male,73903,Undergraduate,Self_Employed,Single,49924,1,1,Yes
35,Female,53016,Undergraduate,Unemployed,Single,45592,0,0,No
59,Male,98562,Postgraduate,Unemployed,Single,10661,0,1,No
63,Male,34528,Postgraduate,Unemployed,Married,24304,1,0,Yes
61,Female,56226,Graduate,Self_Employed,Married,21864,0,0,Yes
38,Male,70174,Graduate,Salaried,Single,21923,1,0,Yes
49,Male,84450,Undergraduate,Self_Employed,Married,16694,1,0,Yes
30,Female,48624,Postgraduate,Self_Employed,Single,33939,1,0,Yes
23,Male,29229,Postgraduate,Self_Employed,Married,34221,0,1,No
30,Male,24959,Postgraduate,Salaried,Married,14935,1,1,Yes
57,Male,87552,Postgraduate,Salaried,Married,33577,1,0,Yes
55,Male,20433,Graduate,Self_Employed,Married,12943,1,1,Yes
64,Female,72509,Undergraduate,Self_Employed,Single,28943,1,0,Yes
50,Female,104907,Undergraduate,Unemployed,Single,30176,0,1,No
65,Female,33994,Postgraduate,Self_Employed,Married,36883,0,1,No
33,Male,24679,Undergraduate,Unemployed,Single,37062,1,0,No
55,Female,85494,Postgraduate,Salaried,Single,7427,1,0,Yes
42,Male,73150,Undergraduate,Unemployed,Married,49438,0,0,No
25,Male,116398,Undergraduate,Salaried,Single,35881,0,0,No
65,Male,21882,Undergraduate,Self_Employed,Single,25141,0,1,No
60,Male,97469,Undergraduate,Unemployed,Single,37580,0,0,No
33,Female,64216,Postgraduate,Self_Employed,Married,26249,0,0,No
41,Male,25975,Postgraduate,Unemployed,Married,9143,0,1,No
30,Female,42026,Postgraduate,Salaried,Single,33748,0,0,No
29,Male,102863,Postgraduate,Salaried,Single,6024,1,0,Yes
21,Male,43516,Undergraduate,Self_Employed,Married,32277,1,0,Yes
34,Male,103863,Graduate,Self_Employed,Married,32002,0,0,No
60,Male,98154,Undergraduate,Self_Employed,Married,45111,0,1,No
43,Female,20599,Postgraduate,Unemployed,Single,12700,0,1,No
55,Male,80845,Postgraduate,Self_Employed,Single,23115,0,0,Yes
28,Male,109816,Graduate,Salaried,Single,15470,0,0,Yes
62,Female,57363,Undergraduate,Salaried,Married,26908,1,0,Yes
27,Male,90432,Undergraduate,Unemployed,Single,36788,0,0,No
36,Female,97687,Postgraduate,Salaried,Married,18025,1,0,Yes
28,Female,49855,Undergraduate,Unemployed,Married,18104,1,0,Yes
25,Female,96689,Graduate,Unemployed,Married,14498,0,1,No
32,Female,68953,Undergraduate,Salaried,Single,46420,1,1,Yes
33,Female,36673,Undergraduate,Self_Employed,Single,23389,0,0,No
50,Female,74817,Undergraduate,Salaried,Single,24343,0,0,Yes
57,Male,31334,Graduate,Self_Employed,Married,19184,1,1,Yes
38,Male,115684,Graduate,Self_Employed,Single,21241,1,1,Yes
58,Male,97564,Undergraduate,Self_Employed,Single,32379,0,0,No
51,Male,75797,Postgraduate,Salaried,Married,11422,1,1,Yes
36,Male,93202,Undergraduate,Self_Employed,Married,19287,0,1,No
39,Male,104887,Undergraduate,Unemployed,Married,48845,1,0,Yes
50,Male,79616,Graduate,Unemployed,Married,17120,1,1,Yes
61,Male,102222,Undergraduate,Salaried,Married,39794,0,1,No
48,Female,111495,Postgraduate,Self_Employed,Single,49870,0,1,No
24,Female,26758,Undergraduate,Salaried,Married,35497,0,1,No
44,Male,104957,Postgraduate,Self_Employed,Single,41749,0,0,No
42,Male,90730,Undergraduate,Self_Employed,Married,43018,0,0,No
41,Female,55043,Postgraduate,Self_Employed,Married,23162,0,0,Yes
44,Female,79298,Graduate,Self_Employed,Single,35812,1,1,Yes
60,Female,108251,Postgraduate,Unemployed,Single,35007,0,0,No
46,Male,57797,Undergraduate,Unemployed,Single,23084,0,0,No
52,Male,46772,Postgraduate,Self_Employed,Single,24213,1,0,Yes
51,Female,75067,Graduate,Self_Employed,Single,24104,0,0,Yes
22,Male,88107,Postgraduate,Salaried,Married,42925,1,1,Yes
52,Female,80031,Graduate,Self_Employed,Single,25086,0,1,No
35,Female,68745,Graduate,Unemployed,Single,28142,1,1,No
31,Male,113298,Postgraduate,Salaried,Single,16492,0,0,Yes
36,Male,25393,Graduate,Self_Employed,Single,33894,1,1,No
32,Male,93726,Postgraduate,Unemployed,Married,27534,0,1,No
49,Male,89945,Graduate,Unemployed,Single,31513,1,0,Yes
50,Female,40454,Undergraduate,Self_Employed,Married,47417,1,1,No
39,Male,94086,Postgraduate,Salaried,Married,12360,1,0,Yes
29,Male,60380,Undergraduate,Salaried,Single,34227,1,0,Yes
41,Male,99711,Postgraduate,Unemployed,Single,23214,0,0,No
26,Female,108744,Postgraduate,Unemployed,Married,17743,1,1,Yes
59,Male,107394,Graduate,Salaried,Single,33025,1,1,Yes
44,Male,57309,Graduate,Salaried,Married,34201,0,0,No
49,Female,77999,Graduate,Unemployed,Married,32144,0,0,No
30,Male,59745,Graduate,Self_Employed,Married,9332,1,0,Yes
21,Female,103729,Graduate,Salaried,Single,41425,1,0,Yes
33,Male,70039,Graduate,Self_Employed,Married,7767,1,1,Yes
52,Female,49428,Undergraduate,Unemployed,Single,22214,1,1,Yes
28,Female,74677,Undergraduate,Salaried,Single,6864,0,1,No
52,Male,98497,Postgraduate,Salaried,Married,42065,1,1,Yes
61,Female,110996,Undergraduate,Salaried,Single,22009,0,0,Yes
30,Female,80429,Postgraduate,Unemployed,Married,15702,0,1,No
44,Female,103394,Graduate,Unemployed,Married,24114,0,0,No
61,Male,32387,Postgraduate,Unemployed,Married,25723,1,1,No
64,Female,32561,Postgraduate,Self_Employed,Married,14418,0,0,No
54,Female,68891,Graduate,Salaried,Married,15684,0,0,Yes
30,Male,44696,Postgraduate,Self_Employed,Single,32351,1,0,Yes
28,Male,22277,Graduate,Salaried,Married,28761,0,1,No
59,Female,42571,Postgraduate,Salaried,Single,12772,0,0,No
65,Male,110183,Undergraduate,Salaried,Single,18752,0,0,Yes
48,Male,30188,Undergraduate,Salaried,Married,7786,0,0,No
23,Male,81483,Undergraduate,Salaried,Single,9341,1,0,Yes
27,Male,98878,Undergraduate,Self_Employed,Single,17109,1,0,Yes
26,Male,117805,Graduate,Self_Employed,Married,28081,0,0,No
53,Male,32989,Postgraduate,Unemployed,Single,17553,1,0,Yes
55,Male,115072,Undergraduate,Unemployed,Married,29016,0,1,No
64,Male,43704,Graduate,Salaried,Married,19042,0,1,No
28,Female,36202,Graduate,Unemployed,Single,37493,1,1,No
56,Male,30780,Graduate,Salaried,Single,30217,1,1,No
59,Female,110052,Graduate,Unemployed,Married,24044,1,0,Yes
25,Female,109015,Graduate,Unemployed,Single,49181,1,0,Yes
46,Female,88506,Postgraduate,Self_Employed,Single,12813,0,1,No
46,Male,117180,Undergraduate,Unemployed,Married,18047,1,0,Yes
59,Female,36090,Undergraduate,Salaried,Married,23252,1,1,Yes
43,Female,107382,Postgraduate,Salaried,Married,38516,1,0,Yes
50,Male,36015,Graduate,Salaried,Married,20127,0,0,No
27,Male,28942,Graduate,Self_Employed,Single,16737,1,1,Yes
30,Female,101522,Postgraduate,Unemployed,Single,48324,1,1,No
33,Female,106781,Graduate,Salaried,Married,40549,1,0,Yes
23,Female,35615,Graduate,Salaried,Married,29663,1,1,No
23,Male,43182,Postgraduate,Self_Employed,Married,15757,1,1,Yes
29,Female,113811,Graduate,Salaried,Single,42280,1,1,Yes
51,Male,86412,Undergraduate,Salaried,Married,37420,1,1,Yes
39,Female,28050,Undergraduate,Self_Employed,Single,13401,1,1,Yes
58,Male,101940,Graduate,Salaried,Single,33059,1,1,Yes
47,Female,27398,Postgraduate,Unemployed,Single,20376,1,0,Yes
65,Male,59965,Undergraduate,Salaried,Single,6291,1,0,Yes
50,Female,94455,Postgraduate,Salaried,Married,6337,1,0,Yes
41,Female,94757,Graduate,Salaried,Single,37005,0,0,No
42,Female,85898,Postgraduate,Salaried,Single,45293,1,1,Yes
48,Male,85136,Postgraduate,Unemployed,Single,23832,1,0,Yes
40,Female,49607,Postgraduate,Self_Employed,Single,42892,0,1,No
38,Male,94242,Postgraduate,Salaried,Married,18745,1,0,Yes
62,Female,86144,Graduate,Salaried,Married,18112,1,1,Yes
37,Female,108022,Postgraduate,Unemployed,Single,46146,0,1,No
34,Female,55118,Postgraduate,Self_Employed,Married,42101,0,0,No
44,Female,39365,Undergraduate,Unemployed,Married,33533,1,1,No
25,Male,74059,Graduate,Salaried,Single,21806,0,1,No
36,Male,39655,Undergraduate,Unemployed,Single,25351,1,1,No
56,Female,75314,Postgraduate,Unemployed,Single,15443,1,0,Yes
22,Female,56408,Postgraduate,Self_Employed,Single,47224,0,1,No
22,Male,31000,Graduate,Self_Employed,Married,9166,1,1,Yes
63,Male,72021,Postgraduate,Unemployed,Single,12335,0,1,No
52,Male,51205,Postgraduate,Unemployed,Married,26580,1,0,Yes
48,Male,38910,Undergraduate,Unemployed,Single,22992,1,1,No
37,Male,84272,Postgraduate,Salaried,Single,25741,1,1,Yes
64,Male,56403,Undergraduate,Salaried,Married,29100,1,0,Yes
62,Male,116921,Postgraduate,Unemployed,Single,21579,1,1,Yes
61,Female,109816,Undergraduate,Self_Employed,Single,33993,1,0,Yes
46,Female,59438,Undergraduate,Unemployed,Married,18787,0,1,No
61,Female,104466,Graduate,Unemployed,Married,10249,1,1,Yes
47,Female,114029,Graduate,Unemployed,Single,22102,0,1,No
47,Female,79409,Postgraduate,Unemployed,Single,47033,0,1,No
62,Male,20403,Graduate,Unemployed,Married,25560,0,0,No
31,Male,87681,Postgraduate,Self_Employed,Single,43929,1,1,Yes
49,Female,116360,Undergraduate,Salaried,Single,43864,1,1,Yes
33,Male,74328,Graduate,Unemployed,Married,29728,0,0,No
22,Male,31662,Graduate,Unemployed,Married,16059,0,1,No
60,Female,98694,Graduate,Unemployed,Single,29112,0,0,No
21,Female,79468,Postgraduate,Salaried,Single,19711,0,0,Yes
38,Female,117837,Graduate,Salaried,Single,33266,0,0,No
39,Male,74831,Undergraduate,Salaried,Single,6885,1,1,Yes
36,Female,52547,Graduate,Self_Employed,Married,10618,0,1,No
29,Female,110835,Graduate,Self_Employed,Single,30132,1,1,Yes
25,Male,93007,Undergraduate,Unemployed,Married,20390,1,1,Yes
59,Male,20702,Graduate,Self_Employed,Married,24825,1,1,Yes
29,Male,96085,Undergraduate,Salaried,Single,38013,1,1,Yes
50,Male,31750,Graduate,Self_Employed,Married,14292,1,0,Yes
41,Male,36760,Graduate,Salaried,Married,33186,1,1,No
60,Female,87760,Graduate,Salaried,Single,25679,1,0,Yes
56,Female,26975,Undergraduate,Unemployed,Single,20064,0,0,No
51,Female,41437,Postgraduate,Salaried,Married,12603,1,0,Yes
49,Female,112933,Postgraduate,Salaried,Married,37308,0,0,No
28,Female,32265,Undergraduate,Salaried,Single,16029,1,0,Yes
58,Male,88945,Postgraduate,Unemployed,Married,10035,0,1,No
64,Male,63077,Undergraduate,Salaried,Single,30832,1,0,Yes
41,Male,23784,Undergraduate,Salaried,Married,34756,1,0,Yes
42,Male,106005,Postgraduate,Salaried,Married,42300,0,0,No
24,Female,62358,Undergraduate,Self_Employed,Single,40858,1,0,Yes
46,Female,43332,Undergraduate,Salaried,Single,6344,0,0,No
45,Female,57347,Postgraduate,Self_Employed,Single,12903,1,1,Yes
48,Female,109779,Postgraduate,Unemployed,Married,48615,0,1,No
53,Male,84175,Graduate,Salaried,Married,22595,1,0,Yes
48,Female,100460,Undergraduate,Salaried,Married,11091,0,1,No
50,Male,104883,Postgraduate,Self_Employed,Single,37461,0,1,No
50,Female,30378,Graduate,Salaried,Single,13374,1,0,Yes
54,Female,58729,Postgraduate,Unemployed,Single,7955,0,1,No
47,Male,80903,Postgraduate,Self_Employed,Married,28295,1,0,Yes
53,Male,34933,Postgraduate,Self_Employed,Married,16767,0,1,No
23,Male,74558,Postgraduate,Salaried,Married,43483,1,1,Yes
60,Female,64739,Undergraduate,Unemployed,Single,10126,1,0,Yes
48,Male,20766,Graduate,Unemployed,Single,16254,1,1,No
65,Female,106208,Postgraduate,Self_Employed,Married,24844,1,1,Yes
40,Male,36395,Undergraduate,Unemployed,Single,12334,0,0,No
22,Male,83060,Postgraduate,Unemployed,Single,33559,0,0,No
40,Female,39420,Graduate,Salaried,Single,12632,0,0,No
65,Female,83576,Graduate,Unemployed,Married,43353,0,0,No
39,Female,26674,Graduate,Unemployed,Single,46314,1,1,No
52,Female,24851,Graduate,Salaried,Married,38643,1,0,Yes
24,Male,75312,Postgraduate,Salaried,Single,22553,1,1,Yes
28,Female,101618,Postgraduate,Salaried,Married,33588,0,0,No
39,Male,81504,Graduate,Salaried,Single,38268,0,1,No
59,Female,37191,Graduate,Self_Employed,Married,32319,1,1,No
31,Male,57022,Postgraduate,Self_Employed,Single,48716,1,0,Yes
32,Male,40488,Postgraduate,Salaried,Single,32261,1,1,No
36,Male,92984,Undergraduate,Unemployed,Married,22092,1,0,Yes
32,Male,28344,Graduate,Salaried,Single,45472,0,0,No
56,Male,83748,Graduate,Salaried,Married,8058,1,0,Yes
65,Male,112589,Undergraduate,Salaried,Married,12269,0,0,Yes
56,Male,86493,Undergraduate,Unemployed,Single,18460,1,0,Yes
39,Female,119872,Postgraduate,Salaried,Single,15111,1,1,Yes
29,Male,46462,Graduate,Salaried,Single,21077,1,1,Yes
39,Male,31171,Graduate,Salaried,Married,28635,0,0,No
54,Female,49908,Undergraduate,Salaried,Married,31824,1,1,Yes
22,Female,39082,Undergraduate,Self_Employed,Single,10556,1,1,Yes
46,Male,76894,Undergraduate,Salaried,Single,48265,0,0,No
61,Female,74959,Graduate,Self_Employed,Married,25558,1,0,Yes
38,Male,111789,Graduate,Salaried,Single,40679,1,1,Yes
62,Female,45859,Graduate,Unemployed,Single,40221,1,1,No
29,Female,48014,Undergraduate,Self_Employed,Married,39166,1,0,Yes
22,Male,90770,Postgraduate,Salaried,Single,24919,1,0,Yes
24,Female,54046,Postgraduate,Self_Employed,Married,13114,0,0,Yes
49,Female,95030,Postgraduate,Unemployed,Married,27215,0,0,No
43,Female,57294,Postgraduate,Self_Employed,Single,29750,0,0,No
41,Male,67352,Graduate,Unemployed,Single,32898,1,0,Yes
26,Male,75690,Undergraduate,Salaried,Single,34239,0,1,No
64,Female,97101,Postgraduate,Self_Employed,Married,22281,1,1,Yes
49,Female,115907,Graduate,Unemployed,Single,38147,0,1,No
50,Male,112343,Postgraduate,Self_Employed,Single,18935,1,1,Yes
23,Male,93272,Graduate,Unemployed,Married,12230,0,1,No
57,Female,25279,Postgraduate,Unemployed,Single,29344,1,1,No
40,Female,83691,Undergraduate,Unemployed,Single,43641,1,0,Yes
40,Female,48256,Undergraduate,Self_Employed,Married,5136,0,1,No
25,Male,74732,Graduate,Self_Employed,Married,42077,1,1,Yes
45,Female,114376,Postgraduate,Unemployed,Single,38080,1,1,No
63,Female,39527,Postgraduate,Salaried,Single,45944,1,1,No
35,Female,64433,Postgraduate,Unemployed,Married,23178,0,0,No
22,Female,93537,Postgraduate,Unemployed,Single,17610,0,0,No
51,Male,35765,Postgraduate,Self_Employed,Single,6243,1,0,Yes
36,Female,31094,Postgraduate,Self_Employed,Married,31332,0,1,No
22,Female,77280,Undergraduate,Salaried,Single,39596,1,1,Yes
37,Male,35026,Undergraduate,Self_Employed,Single,23700,0,0,No
37,Male,40214,Graduate,Salaried,Single,8860,1,0,Yes
22,Male,59062,Graduate,Unemployed,Married,14336,1,1,Yes
37,Female,35855,Undergraduate,Unemployed,Single,44125,0,1,No
53,Female,35083,Graduate,Unemployed,Married,35462,1,0,No
51,Male,73411,Postgraduate,Unemployed,Single,22639,0,0,No
56,Male,59926,Postgraduate,Salaried,Married,10499,0,0,Yes
44,Male,52133,Postgraduate,Salaried,Married,7738,0,1,No
60,Female,105597,Undergraduate,Unemployed,Single,36600,1,1,No
64,Female,66061,Postgraduate,Unemployed,Married,7980,0,0,No
40,Male,71813,Postgraduate,Unemployed,Single,41469,1,1,No
34,Female,109404,Graduate,Self_Employed,Married,34669,1,0,Yes
63,Female,64778,Undergraduate,Salaried,Married,6040,0,0,Yes
59,Female,20560,Undergraduate,Self_Employed,Single,32077,1,1,No
55,Male,105078,Postgraduate,Unemployed,Single,49014,1,0,Yes
43,Female,98815,Graduate,Salaried,Single,5552,0,1,No
44,Male,78271,Undergraduate,Unemployed,Single,23424,1,0,Yes
26,Female,114084,Undergraduate,Unemployed,Married,28789,0,1,No
52,Male,20935,Undergraduate,Self_Employed,Married,12270,1,1,Yes
31,Male,106486,Postgraduate,Self_Employed,Single,9283,0,0,Yes
29,Female,94698,Undergraduate,Self_Employed,Married,17573,0,1,No
64,Female,20256,Graduate,Self_Employed,Single,26168,1,1,No
38,Male,109151,Postgraduate,Salaried,Married,28689,0,0,No
24,Female,75058,Postgraduate,Salaried,Married,5338,1,0,Yes
42,Male,94949,Undergraduate,Self_Employed,Single,32775,0,0,No
33,Male,63152,Graduate,Unemployed,Single,6826,1,1,Yes
22,Female,52821,Undergraduate,Unemployed,Married,20621,1,0,Yes
42,Male,29556,Postgraduate,Self_Employed,Married,11269,1,0,Yes
26,Male,24370,Graduate,Salaried,Single,13358,0,1,No
24,Female,100050,Postgraduate,Salaried,Single,11673,0,0,Yes
39,Female,72649,Undergraduate,Self_Employed,Married,20277,0,1,No
45,Female,76112,Postgraduate,Self_Employed,Single,27257,0,1,No
54,Female,97045,Undergraduate,Unemployed,Single,5805,0,0,No
57,Male,103540,Postgraduate,Salaried,Married,32591,1,1,Yes
32,Male,38045,Undergraduate,Unemployed,Single,25425,1,1,No
40,Male,39321,Graduate,Salaried,Married,24075,1,0,Yes
54,Male,27512,Undergraduate,Self_Employed,Single,32660,1,0,Yes
33,Male,28965,Graduate,Unemployed,Married,35631,1,1,No
60,Female,74879,Graduate,Unemployed,Single,34773,0,1,No
35,Male,103724,Undergraduate,Self_Employed,Single,35574,0,0,No
51,Female,117003,Graduate,Unemployed,Married,17074,0,1,No
21,Male,66908,Undergraduate,Self_Employed,Single,14332,1,1,Yes
33,Female,25754,Undergraduate,Unemployed,Single,23618,0,0,No
